contractSymbol,strike,lastPrice,percentChange,contractSize,lastTradeDate,impliedVolatility,inTheMoney,volume
QQQ260618C00174780,174.78,447.34,0.0,REGULAR,2026-02-03 15:50:33,0.001,1,2.0
QQQ260618C00175000,175.0,249.54,0.0,REGULAR,2023-12-26 15:35:25,0.001,1,10.0
QQQ260618C00179780,179.78,449.53,0.0,REGULAR,2026-01-13 16:36:04,0.001,1,2.0
QQQ260618C00180000,180.0,244.13,0.0,REGULAR,2023-12-19 20:40:18,0.001,1,3.0
QQQ260618C00184780,184.78,424.89,0.0,REGULAR,2025-12-16 17:58:10,144.7818,1,17.0
QQQ260618C00185000,185.0,236.85,0.0,REGULAR,2023-12-21 16:36:12,0.001,1,1.0
QQQ260618C00189780,189.78,423.44,0.0,REGULAR,2025-12-16 14:49:03,142.0169,1,0.0
QQQ260618C00194780,194.78,428.5,0.0,REGULAR,2025-12-29 16:48:43,139.2642,1,1.0
QQQ260618C00199780,199.78,409.33,0.0,REGULAR,2025-10-02 15:19:42,85.9132,1,3.0
QQQ260618C00200000,200.0,227.99,0.0,REGULAR,2023-12-22 18:33:41,0.001,1,23.0
QQQ260618C00204780,204.78,367.68,0.0,REGULAR,2025-08-06 15:59:19,0.001,1,40.0
QQQ260618C00205000,205.0,173.1,0.0,REGULAR,2023-10-25 16:39:44,0.001,1,0.0
QQQ260618C00209780,209.78,416.41,0.0,REGULAR,2025-11-11 20:49:23,132.8495,1,3.0
QQQ260618C00214780,214.78,353.04,0.0,REGULAR,2025-08-05 14:52:49,0.001,1,4.0
QQQ260618C00215000,215.0,204.07,0.0,REGULAR,2023-12-12 19:34:14,0.001,1,4.0
QQQ260618C00224780,224.78,401.0,0.0,REGULAR,2025-11-12 20:53:24,126.0563,1,3.0
QQQ260618C00225000,225.0,205.0,0.0,REGULAR,2023-12-20 16:07:32,0.001,1,2.0
QQQ260618C00229780,229.78,265.0,0.0,REGULAR,2025-05-01 15:55:21,0.001,1,0.0
QQQ260618C00230000,230.0,174.59,0.0,REGULAR,2023-11-13 17:11:02,0.001,1,1.0
QQQ260618C00234780,234.78,290.5,0.0,REGULAR,2025-02-26 19:54:44,0.001,1,1.0
QQQ260618C00239780,239.78,340.0,0.0,REGULAR,2025-08-08 13:55:53,0.001,1,1.0
QQQ260618C00244780,244.78,291.0,0.0,REGULAR,2025-06-20 15:07:54,0.001,1,1.0
QQQ260618C00245000,245.0,168.95,0.0,REGULAR,2023-11-17 14:40:16,0.001,1,2.0
QQQ260618C00249780,249.78,355.24,0.0,REGULAR,2025-11-18 14:30:05,115.9672,1,1.0
QQQ260618C00250000,250.0,181.77,0.0,REGULAR,2023-12-21 17:57:38,0.001,1,1.0
QQQ260618C00254780,254.78,353.27,0.0,REGULAR,2025-12-17 17:18:35,112.7324,1,2.0
QQQ260618C00255000,255.0,162.65,0.0,REGULAR,2023-11-20 17:21:30,0.001,1,0.0
QQQ260618C00259780,259.78,307.43,0.0,REGULAR,2025-07-09 14:20:12,0.001,1,1.0
QQQ260618C00260000,260.0,179.0,0.0,REGULAR,2023-12-20 17:08:32,0.001,1,0.0
QQQ260618C00264780,264.78,310.0,0.0,REGULAR,2025-07-21 13:45:25,0.001,1,1.0
QQQ260618C00269780,269.78,295.17,0.0,REGULAR,2025-07-14 14:06:01,0.001,1,10.0
QQQ260618C00270000,270.0,167.6,0.0,REGULAR,2023-12-20 19:48:27,0.001,1,50.0
QQQ260618C00274780,274.78,279.3,0.0,REGULAR,2025-02-14 18:46:34,0.001,1,50.0
QQQ260618C00275000,275.0,163.6,0.0,REGULAR,2023-12-20 19:49:00,0.001,1,50.0
QQQ260618C00279780,279.78,299.14,0.0,REGULAR,2025-08-29 16:28:01,0.001,1,2.0
QQQ260618C00280000,280.0,159.08,0.0,REGULAR,2023-12-21 20:41:15,0.001,1,0.0
QQQ260618C00284780,284.78,344.18,0.0,REGULAR,2026-01-29 15:01:25,0.001,1,1.0
QQQ260618C00285000,285.0,155.75,0.0,REGULAR,2023-12-20 19:48:52,0.001,1,52.0
QQQ260618C00289780,289.78,339.25,0.0,REGULAR,2026-01-13 20:42:25,0.001,1,6.0
QQQ260618C00290000,290.0,154.99,0.0,REGULAR,2023-12-19 18:26:32,0.001,1,100.0
QQQ260618C00294780,294.78,342.81,0.0,REGULAR,2025-10-30 17:08:44,102.2649,1,50.0
QQQ260618C00295000,295.0,148.15,0.0,REGULAR,2023-12-20 19:48:12,0.001,1,0.0
QQQ260618C00299780,299.78,329.5,0.0,REGULAR,2025-12-10 17:50:37,96.753,1,1.0
QQQ260618C00300000,300.0,144.15,0.0,REGULAR,2023-12-20 19:50:12,0.001,1,35.0
QQQ260618C00304780,304.78,317.42,0.0,REGULAR,2025-12-19 17:47:36,94.9769,1,1.0
QQQ260618C00305000,305.0,114.32,0.0,REGULAR,2023-11-07 16:10:01,0.001,1,3.0
QQQ260618C00309780,309.78,295.63,0.0,REGULAR,2026-02-05 16:31:05,0.001,1,1.0
QQQ260618C00310000,310.0,137.9,0.0,REGULAR,2023-12-19 16:38:28,0.001,1,1.0
QQQ260618C00314780,314.78,314.5,0.0,REGULAR,2026-01-13 20:33:51,0.001,1,11.0
QQQ260618C00315000,315.0,111.51,0.0,REGULAR,2023-11-10 19:05:07,0.001,1,6.0
QQQ260618C00319780,319.78,306.95,0.0,REGULAR,2025-12-30 17:42:34,90.6617,1,1.0
QQQ260618C00320000,320.0,130.36,0.0,REGULAR,2023-12-20 17:44:15,0.001,1,3.0
QQQ260618C00324780,324.78,305.52,0.0,REGULAR,2025-12-08 16:31:44,88.7422,1,1.0
QQQ260618C00325000,325.0,121.5,0.0,REGULAR,2023-12-20 20:39:43,0.001,1,2.0
QQQ260618C00329780,329.78,302.33,0.0,REGULAR,2026-01-09 18:02:02,0.001,1,4.0
QQQ260618C00330000,330.0,122.0,0.0,REGULAR,2023-12-15 18:34:12,0.001,1,5.0
QQQ260618C00334780,334.78,274.34,0.0,REGULAR,2025-12-17 16:51:52,86.2031,1,2.0
QQQ260618C00335000,335.0,116.5,0.0,REGULAR,2023-12-21 15:13:08,0.001,1,3.0
QQQ260618C00339780,339.78,298.15,0.0,REGULAR,2026-01-28 18:04:54,0.001,1,1.0
QQQ260618C00340000,340.0,113.05,0.0,REGULAR,2023-12-13 19:55:59,0.001,1,10.0
QQQ260618C00344780,344.78,286.63,0.0,REGULAR,2026-02-02 16:11:07,0.001,1,1.0
QQQ260618C00345000,345.0,114.41,0.0,REGULAR,2023-12-26 17:43:27,0.001,1,1.0
QQQ260618C00349780,349.78,270.02,0.0,REGULAR,2026-02-09 20:41:52,0.001,1,1.0
QQQ260618C00350000,350.0,110.43,0.0,REGULAR,2023-12-26 15:18:42,0.001,1,2.0
QQQ260618C00354780,354.78,237.77,0.0,REGULAR,2025-09-05 13:30:00,51.5508,1,1.0
QQQ260618C00355000,355.0,103.0,0.0,REGULAR,2023-12-15 16:28:53,0.001,1,1.0
QQQ260618C00359780,359.78,249.63,0.0,REGULAR,2025-10-01 13:30:04,61.1149,1,20.0
QQQ260618C00360000,360.0,98.95,0.0,REGULAR,2023-12-15 17:47:21,0.001,1,2.0
QQQ260618C00364780,364.78,262.68,0.0,REGULAR,2025-12-29 19:19:10,77.3196,1,1.0
QQQ260618C00365000,365.0,99.99,0.0,REGULAR,2023-12-19 16:16:47,0.001,1,5.0
QQQ260618C00369780,369.78,255.07,0.0,REGULAR,2025-12-01 15:24:02,77.0663,1,2.0
QQQ260618C00370000,370.0,96.62,0.0,REGULAR,2023-12-26 17:10:40,0.001,1,1.0
QQQ260618C00374780,374.78,259.76,0.0,REGULAR,2026-01-12 17:15:55,0.001,1,1.0
QQQ260618C00375000,375.0,84.4,0.0,REGULAR,2023-12-14 18:53:38,0.001,1,5.0
QQQ260618C00379780,379.78,228.56,0.0,REGULAR,2025-09-24 16:40:35,58.6735,1,1.0
QQQ260618C00380000,380.0,248.25,0.0,REGULAR,2026-01-22 18:17:59,0.001,1,1.0
QQQ260618C00384780,384.78,233.25,0.0,REGULAR,2025-10-16 14:00:54,58.0387,1,1.0
QQQ260618C00385000,385.0,87.63,0.0,REGULAR,2023-12-26 19:33:47,0.001,1,3.0
QQQ260618C00389780,389.78,240.0,0.0,REGULAR,2025-12-23 16:48:27,70.7645,1,1.0
QQQ260618C00390000,390.0,252.72,0.0,REGULAR,2026-01-28 14:42:52,0.001,1,1.0
QQQ260618C00394780,394.78,233.31,0.0,REGULAR,2026-01-16 15:39:20,0.001,1,1.0
QQQ260618C00395000,395.0,81.14,0.0,REGULAR,2023-12-26 19:48:29,0.001,1,2.0
QQQ260618C00399780,399.78,242.26,0.0,REGULAR,2025-10-31 18:38:39,73.096,1,1.0
QQQ260618C00400000,400.0,216.66,0.0,REGULAR,2026-02-09 15:10:54,0.001,1,1.0
QQQ260618C00404780,404.78,235.13,0.0,REGULAR,2026-01-28 19:06:33,0.001,1,1.0
QQQ260618C00405000,405.0,75.0,0.0,REGULAR,2023-12-26 17:16:06,0.001,1,12.0
QQQ260618C00409780,409.78,209.6,0.0,REGULAR,2025-12-18 19:19:07,65.8451,1,1.0
QQQ260618C00410000,410.0,211.8,0.0,REGULAR,2026-02-09 17:47:05,0.001,1,1.0
QQQ260618C00414780,414.78,221.5,0.0,REGULAR,2026-01-29 20:53:43,0.001,1,3.0
QQQ260618C00415000,415.0,68.75,0.0,REGULAR,2023-12-19 21:00:29,0.001,1,5.0
QQQ260618C00419780,419.78,188.49,0.0,REGULAR,2026-02-05 15:02:48,0.001,1,1.0
QQQ260618C00420000,420.0,187.0,0.0,REGULAR,2026-02-05 16:22:03,0.001,1,7.0
QQQ260618C00424780,424.78,191.33,0.0,REGULAR,2026-02-04 16:04:39,0.001,1,1.0
QQQ260618C00425000,425.0,61.0,0.0,REGULAR,2023-12-21 17:09:04,0.001,1,1.0
QQQ260618C00429780,429.78,174.7,0.0,REGULAR,2026-02-05 16:10:05,0.001,1,1.0
QQQ260618C00430000,430.0,206.54,0.0,REGULAR,2026-02-03 14:30:11,0.001,1,1.0
QQQ260618C00434780,434.78,180.9,0.0,REGULAR,2026-02-04 16:38:57,0.001,1,2.0
QQQ260618C00435000,435.0,55.38,0.0,REGULAR,2023-12-20 20:48:56,0.001,1,1.0
QQQ260618C00439780,439.78,194.69,0.0,REGULAR,2025-12-24 16:39:34,58.852,1,1.0
QQQ260618C00440000,440.0,165.72,0.0,REGULAR,2026-02-05 20:51:03,0.001,1,1.0
QQQ260618C00444780,444.78,192.84,0.0,REGULAR,2026-01-29 14:43:55,0.001,1,6.0
QQQ260618C00445000,445.0,52.87,0.0,REGULAR,2023-12-22 16:00:14,0.001,1,13.0
QQQ260618C00449780,449.78,187.1,0.0,REGULAR,2025-12-24 16:39:34,56.7906,1,1.0
QQQ260618C00450000,450.0,172.94,0.0,REGULAR,2026-02-09 18:00:17,0.001,1,3.0
QQQ260618C00454780,454.78,182.61,0.0,REGULAR,2026-01-29 20:53:27,0.001,1,1.0
QQQ260618C00455000,455.0,46.5,0.0,REGULAR,2023-12-21 15:44:11,0.001,1,5.0
QQQ260618C00459780,459.78,182.8,0.0,REGULAR,2025-10-27 14:55:34,59.94,1,1.0
QQQ260618C00460000,460.0,162.54,0.0,REGULAR,2026-02-03 18:52:05,0.001,1,4.0
QQQ260618C00464780,464.78,165.75,0.0,REGULAR,2026-01-30 21:11:01,0.001,1,1.0
QQQ260618C00465000,465.0,41.5,0.0,REGULAR,2023-12-20 19:54:55,0.001,1,1.0
QQQ260618C00469780,469.78,151.1,0.0,REGULAR,2026-02-06 20:51:13,0.001,1,1.0
QQQ260618C00470000,470.0,149.65,0.0,REGULAR,2026-02-09 14:50:10,0.001,1,4.0
QQQ260618C00474780,474.78,138.0,0.0,REGULAR,2026-02-05 17:55:51,0.001,1,2.0
QQQ260618C00475000,475.0,35.66,0.0,REGULAR,2023-12-18 15:01:06,0.001,1,1.0
QQQ260618C00479780,479.78,140.0,0.0,REGULAR,2026-02-04 16:02:20,0.001,1,1.0
QQQ260618C00480000,480.0,142.2,0.0,REGULAR,2026-02-09 15:34:21,0.001,1,2.0
QQQ260618C00484780,484.78,153.86,0.0,REGULAR,2026-02-02 17:29:47,0.001,1,1.0
QQQ260618C00485000,485.0,29.26,0.0,REGULAR,2023-11-30 14:32:28,0.001,1,1.0
QQQ260618C00489780,489.78,135.32,0.0,REGULAR,2026-02-03 18:42:40,0.001,1,3.0
QQQ260618C00490000,490.0,121.5,0.0,REGULAR,2026-02-05 15:08:56,0.001,1,1.0
QQQ260618C00494780,494.78,115.36,0.0,REGULAR,2026-02-05 15:34:18,0.001,1,2.0
QQQ260618C00495000,495.0,31.75,0.0,REGULAR,2023-12-19 15:39:06,0.001,1,0.0
QQQ260618C00499780,499.78,135.16,0.0,REGULAR,2026-01-16 18:44:15,0.001,1,1.0
QQQ260618C00500000,500.0,123.3,0.0,REGULAR,2026-02-09 15:14:33,0.001,1,10.0
QQQ260618C00504780,504.78,109.44,0.0,REGULAR,2026-02-05 16:39:47,0.001,1,1.0
QQQ260618C00505000,505.0,17.09,0.0,REGULAR,2023-11-03 17:23:43,0.001,1,1.0
QQQ260618C00509780,509.78,133.59,0.0,REGULAR,2025-12-09 20:16:23,45.9707,1,4.0
QQQ260618C00510000,510.0,117.75,0.0,REGULAR,2026-02-09 18:18:00,0.001,1,1.0
QQQ260618C00514780,514.78,98.9,0.0,REGULAR,2026-02-05 15:26:23,0.001,1,1.0
QQQ260618C00519780,519.78,123.34,0.0,REGULAR,2026-01-27 14:47:05,0.001,1,1.0
QQQ260618C00520000,520.0,97.17,0.0,REGULAR,2026-02-05 14:30:01,0.001,1,1.0
QQQ260618C00524780,524.78,90.3,0.0,REGULAR,2026-02-05 15:34:18,0.001,1,1.0
QQQ260618C00525000,525.0,22.8,0.0,REGULAR,2023-12-21 14:49:37,0.001,1,10.0
QQQ260618C00529780,529.78,113.31,0.0,REGULAR,2026-02-02 18:58:53,0.001,1,1.0
QQQ260618C00530000,530.0,100.15,0.0,REGULAR,2026-02-09 18:03:39,0.001,1,4.0
QQQ260618C00534780,534.78,100.33,0.0,REGULAR,2026-02-03 16:35:59,0.001,1,5.0
QQQ260618C00535000,535.0,15.65,0.0,REGULAR,2023-12-11 14:34:29,0.001,1,2.0
QQQ260618C00539780,539.78,96.7,0.0,REGULAR,2025-12-12 21:02:27,40.6195,1,4.0
QQQ260618C00540000,540.0,91.99,0.0,REGULAR,2026-02-09 17:28:20,0.001,1,1.0
QQQ260618C00544780,544.78,86.44,0.0,REGULAR,2026-02-09 15:58:50,0.001,1,2.0
QQQ260618C00545000,545.0,15.6,0.0,REGULAR,2023-12-13 20:34:40,0.001,1,1.0
QQQ260618C00549780,549.78,82.43,0.0,REGULAR,2026-02-09 15:58:50,0.001,1,1.0
QQQ260618C00550000,550.0,84.0,0.0,REGULAR,2026-02-09 19:35:04,0.001,1,53.0
QQQ260618C00554780,554.78,80.0,0.0,REGULAR,2026-02-09 19:28:59,0.001,1,2.0
QQQ260618C00555000,555.0,12.26,0.0,REGULAR,2023-11-24 15:12:46,0.001,1,2.0
QQQ260618C00559780,559.78,72.42,0.0,REGULAR,2026-02-04 15:50:51,0.001,1,4.0
QQQ260618C00560000,560.0,75.1,0.0,REGULAR,2026-02-09 20:58:18,0.001,1,54.0
QQQ260618C00564780,564.78,66.13,0.0,REGULAR,2026-02-06 17:57:20,0.001,1,1.0
QQQ260618C00569780,569.78,67.25,0.0,REGULAR,2026-02-09 20:51:18,0.001,1,5.0
QQQ260618C00570000,570.0,67.09,0.0,REGULAR,2026-02-09 17:45:44,0.001,1,3.0
QQQ260618C00574780,574.78,63.87,0.0,REGULAR,2026-02-09 19:54:16,0.001,1,6.0
QQQ260618C00575000,575.0,12.11,0.0,REGULAR,2023-12-26 15:00:24,0.001,1,1.0
QQQ260618C00579780,579.78,60.01,0.0,REGULAR,2026-02-09 19:53:11,0.001,1,3.0
QQQ260618C00580000,580.0,58.33,0.0,REGULAR,2026-02-09 16:14:48,0.001,1,7.0
QQQ260618C00584780,584.78,51.4,0.0,REGULAR,2026-02-06 17:52:06,0.001,1,1.0
QQQ260618C00585000,585.0,10.27,0.0,REGULAR,2023-12-20 19:57:27,0.001,1,10.0
QQQ260618C00589780,589.78,47.87,0.0,REGULAR,2026-02-06 18:02:05,0.001,1,3.0
QQQ260618C00590000,590.0,51.49,0.0,REGULAR,2026-02-09 18:39:43,0.001,1,95.0
QQQ260618C00594780,594.78,48.05,0.0,REGULAR,2026-02-09 18:48:15,0.001,1,68.0
QQQ260618C00595000,595.0,8.23,0.0,REGULAR,2023-12-18 14:46:49,0.001,1,0.0
QQQ260618C00599780,599.78,43.92,0.0,REGULAR,2026-02-09 16:02:25,0.001,1,11.0
QQQ260618C00600000,600.0,45.15,0.0,REGULAR,2026-02-09 19:27:51,0.001,1,82.0
QQQ260618C00604780,604.78,41.31,0.0,REGULAR,2026-02-09 20:00:41,0.001,1,42.0
QQQ260618C00605000,605.0,8.59,0.0,REGULAR,2023-12-19 16:37:07,0.001,1,0.0
QQQ260618C00609780,609.78,37.35,0.0,REGULAR,2026-02-09 16:01:41,0.001,1,34.0
QQQ260618C00610000,610.0,38.04,0.0,REGULAR,2026-02-09 20:26:29,0.001,1,96.0
QQQ260618C00615000,615.0,34.54,0.0,REGULAR,2026-02-09 21:00:05,0.0498,0,601.0
QQQ260618C00620000,620.0,31.58,0.0,REGULAR,2026-02-09 20:53:22,0.3916,0,536.0
QQQ260618C00625000,625.0,29.05,0.0,REGULAR,2026-02-09 17:37:22,0.7822,0,73.0
QQQ260618C00630000,630.0,26.05,0.0,REGULAR,2026-02-09 20:47:15,0.7822,0,383.0
QQQ260618C00635000,635.0,23.08,0.0,REGULAR,2026-02-09 20:59:59,1.5635,0,148.0
QQQ260618C00640000,640.0,20.74,0.0,REGULAR,2026-02-09 20:59:58,1.5635,0,430.0
QQQ260618C00645000,645.0,18.91,0.0,REGULAR,2026-02-09 20:08:13,1.5635,0,143.0
QQQ260618C00650000,650.0,16.45,0.0,REGULAR,2026-02-09 20:59:36,1.5635,0,1522.0
QQQ260618C00655000,655.0,14.76,0.0,REGULAR,2026-02-09 19:52:15,3.126,0,12.0
QQQ260618C00660000,660.0,12.64,0.0,REGULAR,2026-02-09 20:57:19,3.126,0,84.0
QQQ260618C00665000,665.0,10.92,0.0,REGULAR,2026-02-09 20:57:12,3.126,0,314.0
QQQ260618C00670000,670.0,9.53,0.0,REGULAR,2026-02-09 21:09:48,3.126,0,401.0
QQQ260618C00675000,675.0,8.25,0.0,REGULAR,2026-02-09 20:47:15,3.126,0,332.0
QQQ260618C00680000,680.0,7.1,0.0,REGULAR,2026-02-09 21:14:45,3.126,0,562.0
QQQ260618C00685000,685.0,6.03,0.0,REGULAR,2026-02-09 20:24:33,3.126,0,121.0
QQQ260618C00690000,690.0,5.13,0.0,REGULAR,2026-02-09 20:59:13,3.126,0,313.0
QQQ260618C00695000,695.0,4.47,0.0,REGULAR,2026-02-09 19:30:15,3.126,0,260.0
QQQ260618C00700000,700.0,3.67,0.0,REGULAR,2026-02-09 20:58:14,3.126,0,365.0
QQQ260618C00705000,705.0,3.11,0.0,REGULAR,2026-02-09 18:16:27,6.2509,0,5380.0
QQQ260618C00710000,710.0,2.63,0.0,REGULAR,2026-02-09 20:18:58,6.2509,0,278.0
QQQ260618C00715000,715.0,2.22,0.0,REGULAR,2026-02-09 20:58:52,6.2509,0,3.0
QQQ260618C00720000,720.0,1.9,0.0,REGULAR,2026-02-09 20:52:51,6.2509,0,99.0
QQQ260618C00725000,725.0,1.59,0.0,REGULAR,2026-02-09 16:26:52,6.2509,0,16.0
QQQ260618C00730000,730.0,1.41,0.0,REGULAR,2026-02-09 17:06:51,6.2509,0,7.0
QQQ260618C00735000,735.0,1.16,0.0,REGULAR,2026-02-09 18:46:50,6.2509,0,1.0
QQQ260618C00740000,740.0,1.03,0.0,REGULAR,2026-02-09 19:33:46,6.2509,0,15.0
QQQ260618C00745000,745.0,0.87,0.0,REGULAR,2026-02-09 18:07:13,6.2509,0,112.0
QQQ260618C00750000,750.0,0.77,0.0,REGULAR,2026-02-09 19:33:46,6.2509,0,68.0
QQQ260618C00755000,755.0,0.57,0.0,REGULAR,2026-02-06 18:37:10,6.2509,0,19.0
QQQ260618C00760000,760.0,0.58,0.0,REGULAR,2026-02-09 18:07:13,6.2509,0,11.0
QQQ260618C00765000,765.0,0.82,0.0,REGULAR,2026-02-02 18:00:25,6.2509,0,1.0
QQQ260618C00770000,770.0,0.39,0.0,REGULAR,2026-02-06 19:52:02,6.2509,0,2.0
QQQ260618C00775000,775.0,0.37,0.0,REGULAR,2026-02-09 15:20:39,6.2509,0,115.0
QQQ260618C00780000,780.0,0.37,0.0,REGULAR,2026-02-09 17:56:59,6.2509,0,1817.0
QQQ260618C00785000,785.0,0.29,0.0,REGULAR,2026-02-09 15:34:56,6.2509,0,49.0
QQQ260618C00790000,790.0,0.26,0.0,REGULAR,2026-02-09 15:20:31,6.2509,0,139.0
QQQ260618C00795000,795.0,0.24,0.0,REGULAR,2026-02-09 15:46:10,6.2509,0,20.0
QQQ260618C00800000,800.0,0.23,0.0,REGULAR,2026-02-09 16:15:00,6.2509,0,41.0
QQQ260618C00805000,805.0,0.41,0.0,REGULAR,2026-01-16 14:30:00,6.2509,0,1.0
QQQ260618C00810000,810.0,0.15,0.0,REGULAR,2026-02-06 14:42:08,6.2509,0,81.0
QQQ260618C00815000,815.0,0.16,0.0,REGULAR,2026-02-09 15:44:11,12.5009,0,40.0
QQQ260618C00820000,820.0,0.25,0.0,REGULAR,2026-01-30 17:13:30,12.5009,0,1.0
QQQ260618C00825000,825.0,0.13,0.0,REGULAR,2026-02-04 16:24:28,12.5009,0,93.0
QQQ260618C00830000,830.0,0.11,0.0,REGULAR,2026-02-06 15:26:28,12.5009,0,20.0
QQQ260618C00835000,835.0,0.11,0.0,REGULAR,2026-02-09 15:21:34,12.5009,0,1.0
QQQ260618C00840000,840.0,0.1,0.0,REGULAR,2026-02-09 16:48:10,12.5009,0,1.0
QQQ260618C00845000,845.0,0.1,0.0,REGULAR,2026-02-03 18:52:36,12.5009,0,100.0
QQQ260618C00850000,850.0,0.08,0.0,REGULAR,2026-02-06 17:24:29,12.5009,0,1002.0
QQQ260618C00855000,855.0,0.15,0.0,REGULAR,2026-01-29 16:44:07,12.5009,0,73.0
QQQ260618C00860000,860.0,0.07,0.0,REGULAR,2026-02-09 20:54:14,12.5009,0,100.0
QQQ260618C00870000,870.0,0.1,0.0,REGULAR,2026-02-02 16:44:27,12.5009,0,2.0
QQQ260618C00880000,880.0,0.04,0.0,REGULAR,2026-02-05 15:20:32,12.5009,0,0.0
QQQ260618C00890000,890.0,0.04,0.0,REGULAR,2026-02-04 16:22:12,12.5009,0,1600.0
QQQ260618C00900000,900.0,0.05,0.0,REGULAR,2026-02-09 14:30:00,12.5009,0,6.0
